{"hess":{"nrows":9,"ncols":9,"data":[14882,4496,5258,5204,8407,8092,-42247,-116455,51785,4496,65963,-17504,-17864,-15854,-14818,-100219,-101506,25690,5258,-17504,17582,17642,15837,17186,27045,-53251,26765,5204,-17864,17642,17738,15435,16898,26625,-56011,27419,8407,-15854,15837,15435,35281,48397,48427,29317,12170,8092,-14818,17186,16898,48397,93500,5386,-92344,112416,-42247,-100219,27045,26625,48427,5386,1.02778E+06,1.74455E+06,-963140,-116455,-101506,-53251,-56011,29317,-92344,1.74455E+06,5.20079E+06,-2.30662E+06,51785,25690,26765,27419,12170,112416,-963140,-2.30662E+06,1.39002E+06]},"c":{"nrows":9,"ncols":null,"data":[0,5765.76,3753.02,3753.42,11880.1,29549,423164,3.36956E+06,439696]},"a":{"nrows":214,"ncols":9,"data":[-12,-680,-304,-50,-643,-811,-1325,-1108,-2026,-1481,-1570,-1442,-1694,-1610,-627,-581,-728,-1469,-5,-466,-1160,-485,-783,-1706,-278,-500,-520,-1569,-40,-1627,-613,-1617,-1000,-1716,-1590,-187,-504,-364,-1186,-1361,-601,-1048,-1268,-570,-1833,-1068,-1508,-1074,-1345,-889,-104,-1309,-197,-1565,-299,-575,-709,-1372,-1843,-1004,-704,-1178,-925,-1582,-64,-161,-1346,-1058,-1259,-350,-593,-844,-1619,-232,-1427,-492,-820,-1135,-1922,-1218,-1220,-2004,-762,-680,-445,-558,-1557,-305,-1635,-1682,-605,-1667,-1616,-1051,-1434,-1108,-554,-1869,-368,-1028,-801,-349,-1199,-776,-37,-1265,-1131,-930,-390,-1860,-309,-950,-1734,-1449,-886,-1497,-1157,-1006,-1406,-1454,-778,-798,-1216,-661,-985,-450,-1140,-1729,-1233,-1710,-744,-1594,-111,-1447,-1180,-767,-1582,-833,-1738,-1810,-747,-836,-1622,-1084,-72,-122,-486,-183,-1401,-1276,-151,-678,-134,-1354,-686,-434,-1538,-492,-317,-1564,-468,-1674,-1270,-1710,-1133,-1500,-1828,-1715,-1018,-1091,-1062,-74,-574,-1266,-1525,-1545,-853,-1477,-37,-1387,-1240,-263,-1179,-1109,-616,-989,-779,-30,-1246,-1970,-1169,-925,-195,-1998,-781,-870,-1583,-1919,-924,-292,-382,-1392,-258,-867,-657,-1981,-1288,-1043,-1437,-1035,-349,-920,-1699,10,19,-729,-306,-38,-688,-845,-1329,-1127,-2026,-1481,-1555,-1442,-1694,-1633,-627,-596,-726,-1450,-5,-424,-1175,-485,-783,-1706,-276,-508,-520,-1577,-25,-1627,-613,-1617,-998,-1715,-1590,-202,-496,-364,-1145,-1344,-622,-1054,-1262,-570,-1833,-1052,-1508,-1059,-1347,-900,-104,-1309,-234,-1565,-299,-575,-709,-1372,-1843,-1004,-717,-1128,-925,-1544,-64,-111,-1346,-1070,-1192,-338,-585,-830,-1619,-234,-1397,-523,-815,-1135,-1920,-1245,-1220,-1977,-768,-680,-439,-558,-1557,-305,-1633,-1682,-598,-1624,-1629,-1050,-1434,-1108,-584,-1869,-368,-1030,-816,-364,-1195,-761,-37,-1265,-1086,-930,-390,-1860,-338,-950,-1734,-1449,-878,-1497,-1200,-1039,-1365,-1454,-786,-798,-1216,-662,-985,-450,-1140,-1717,-1233,-1710,-768,-1594,-113,-1447,-1200,-762,-1582,-832,-1718,-1817,-747,-799,-1622,-1083,-64,-122,-486,-194,-1360,-1276,-131,-612,-134,-1347,-727,-434,-1538,-492,-317,-1564,-483,-1665,-1312,-1710,-1133,-1500,-1828,-1715,-1018,-1091,-1077,-23,-570,-1266,-1517,-1545,-853,-1477,-43,-1374,-1236,-262,-1177,-1109,-616,-976,-792,-19,-1247,-1957,-1171,-925,-195,-1998,-774,-870,-1583,-1919,-924,-310,-388,-1392,-258,-867,-657,-1981,-1280,-1025,-1437,-985,-354,-938,-1709,-12,4,-680,-304,-50,-643,-845,-1329,-1130,-2026,-1481,-1553,-1442,-1669,-1600,-664,-592,-728,-1454,-5,-401,-1156,-484,-783,-1709,-273,-505,-509,-1570,-25,-1627,-613,-1634,-1000,-1716,-1590,-202,-505,-341,-1183,-1352,-611,-1053,-1266,-552,-1830,-1074,-1545,-1061,-1345,-881,-104,-1309,-234,-1565,-299,-575,-710,-1372,-1842,-1004,-717,-1128,-925,-1582,-64,-161,-1346,-1075,-1240,-376,-588,-844,-1619,-271,-1447,-473,-815,-1140,-1920,-1218,-1220,-2004,-757,-680,-440,-558,-1557,-305,-1635,-1681,-604,-1656,-1616,-1050,-1434,-1108,-540,-1863,-373,-1023,-819,-364,-1203,-772,-37,-1266,-1090,-930,-390,-1860,-332,-950,-1734,-1449,-882,-1523,-1150,-1010,-1380,-1454,-778,-798,-1213,-680,-1022,-429,-1102,-1722,-1238,-1706,-781,-1591,-113,-1439,-1184,-765,-1563,-832,-1739,-1817,-747,-799,-1628,-1078,-61,-122,-486,-194,-1421,-1277,-131,-708,-179,-1347,-689,-434,-1555,-490,-298,-1549,-468,-1632,-1298,-1710,-1116,-1500,-1828,-1712,-1019,-1080,-1079,-71,-576,-1249,-1553,-1519,-853,-1481,-39,-1374,-1240,-258,-1177,-1109,-616,-1002,-786,-11,-1246,-1952,-1173,-922,-195,-1998,-781,-870,-1583,-1919,-924,-301,-382,-1392,-260,-867,-657,-1981,-1316,-1025,-1437,-1000,-354,-921,-1694,-12,4,-680,-304,-50,-643,-845,-1329,-1129,-2026,-1481,-1570,-1442,-1669,-1600,-664,-579,-728,-1467,-5,-401,-1156,-496,-783,-1703,-273,-505,-509,-1557,-25,-1627,-613,-1617,-1000,-1713,-1590,-202,-505,-358,-1183,-1352,-611,-1053,-1266,-552,-1830,-1074,-1545,-1061,-1345,-881,-104,-1309,-235,-1565,-310,-564,-709,-1372,-1842,-1004,-717,-1128,-925,-1582,-64,-161,-1346,-1075,-1240,-376,-588,-844,-1619,-271,-1447,-473,-815,-1140,-1920,-1218,-1220,-2004,-757,-691,-440,-558,-1557,-305,-1635,-1681,-598,-1656,-1616,-1050,-1434,-1108,-540,-1869,-373,-1023,-819,-364,-1203,-772,-37,-1239,-1090,-918,-402,-1860,-332,-950,-1734,-1449,-869,-1523,-1150,-1010,-1380,-1454,-778,-798,-1213,-680,-1022,-429,-1102,-1734,-1235,-1706,-781,-1594,-113,-1439,-1184,-765,-1563,-832,-1739,-1817,-747,-799,-1622,-1084,-61,-122,-486,-194,-1421,-1277,-131,-708,-179,-1344,-692,-434,-1538,-490,-298,-1549,-468,-1632,-1298,-1710,-1133,-1500,-1828,-1712,-1019,-1080,-1062,-71,-582,-1266,-1553,-1519,-853,-1494,-39,-1368,-1240,-251,-1177,-1109,-616,-1002,-786,-11,-1247,-1952,-1172,-922,-195,-1998,-781,-870,-1583,-1919,-903,-304,-403,-1392,-260,-867,-657,-1981,-1316,-1025,-1437,-1000,-354,-921,-1694,-43,4,-729,-293,-43,-641,-858,-1329,-1142,-2026,-1453,-1570,-1442,-1648,-1619,-654,-566,-728,-1491,-5,-401,-1156,-474,-783,-1696,-273,-505,-509,-1543,-25,-1627,-621,-1615,-1000,-1705,-1593,-210,-507,-358,-1181,-1352,-621,-1036,-1266,-533,-1820,-1088,-1545,-1059,-1345,-886,-104,-1309,-235,-1565,-311,-563,-709,-1372,-1842,-1006,-717,-1126,-933,-1590,-56,37,-1357,-1105,-1251,-376,-600,-828,-1619,-260,-1418,-495,-815,-1120,-1912,-1218,-1220,-2004,-757,-687,-462,-469,-1557,-305,-1633,-1679,-604,-1672,-1616,-1055,-1427,-1108,-540,-1851,-373,-1023,-816,-392,-1203,-786,-37,-1328,-1068,-967,-342,-1848,-239,-950,-1734,-1449,-854,-1532,-1163,-1012,-1387,-1454,-754,-793,-1213,-661,-1009,-462,-1102,-1734,-1244,-1706,-781,-1594,-113,-1439,-1190,-768,-1582,-832,-1749,-1817,-759,-799,-1622,-1060,-74,-120,-451,-181,-1445,-1280,-131,-691,-179,-1345,-678,-438,-1538,-502,-305,-1477,-457,-1617,-1298,-1708,-1133,-1496,-1828,-1723,-1033,-1067,-1048,-20,-582,-1266,-1553,-1519,-856,-1509,-39,-1373,-1238,-245,-1174,-1106,-644,-1004,-786,-18,-1247,-1954,-1207,-900,-195,-2006,-783,-870,-1583,-1919,-903,-293,-403,-1392,-265,-869,-657,-1968,-1365,-1024,-1437,-1000,-354,-932,-1694,-89,33,-782,-354,-53,-659,-860,-1329,-1141,-2027,-1474,-1526,-1442,-1645,-1612,-654,-556,-726,-1491,10,-401,-1156,-471,-788,-1679,-303,-512,-559,-1536,-39,-1625,-621,-1627,-1001,-1717,-1576,-210,-507,-341,-1214,-1348,-631,-1027,-1266,-561,-1820,-1088,-1539,-1059,-1345,-863,-108,-1309,-227,-1565,-325,-567,-709,-1372,-1842,-1006,-713,-1132,-937,-1637,105,24,-1357,-1118,-1270,-389,-612,-828,-1619,-250,-1422,-487,-813,-1109,-1912,-1216,-1183,-2006,-757,-700,-483,-476,-1552,-305,-1633,-1665,-605,-1672,-1641,-1047,-1411,-1108,-540,-1857,-373,-1023,-811,-369,-1198,-812,-37,-1354,-1073,-977,-321,-1846,-221,-949,-1734,-1445,-873,-1531,-1195,-1002,-1393,-1462,-747,-799,-1252,-672,-1009,-448,-1098,-1730,-1244,-1706,-784,-1603,-113,-1441,-1207,-760,-1543,-843,-1750,-1807,-736,-805,-1595,-1040,-55,-127,-459,-146,-1468,-1307,-131,-715,-155,-1345,-678,-433,-1555,-502,-267,-1459,-446,-1617,-1308,-1697,-1110,-1482,-1840,-1708,-1031,-1069,-1067,14,-601,-1250,-1551,-1519,-856,-1521,-38,-1371,-1242,-245,-1182,-1111,-607,-1023,-763,41,-1241,-1955,-1201,-886,-209,-2006,-763,-870,-1583,-1915,-903,-303,-400,-1393,-250,-869,-653,-1965,-1387,-1027,-1437,-1004,-360,-932,-1698,-91,38,-648,-204,83,-581,-748,-1305,-1147,-2027,-1440,-1497,-1413,-1652,-1612,-606,-541,-724,-1470,4,-397,-1117,-479,-647,-1584,-242,-494,-234,-1567,-4,-1628,-596,-1636,-1042,-1727,-1566,-210,-497,-333,-1254,-1326,-636,-1029,-1265,-561,-1835,-1063,-1581,