{"hess":{"nrows":12,"ncols":12,"data":[4.51201,0,0,0,0,0,0,0,0,0,0,0,0,0,0,0,0,0,0,0,0,0,0,0,0,0,2.53575,0,0,0,0,0,0,0,0,0,0,0,0,0,0,0,0,0,0,0,0,0,0,0,0,0,1.32845,0,0,0,0,0,0,0,0,0,0,0,0,0,0,0,0,0,0,0,0,0,0,0,0,0,3.21565,0,0,0,0,0,0,0,0,0,0,0,0,0,0,0,0,0,0,0,0,0,0,0,0,0,4.51201,0,0,0,0,0,0,0,0,0,0,0,0,0,0,0,0,0,0,0,0,0,0,0,0,0,1.0952,0,0,0,0,0,0,0,0,0,0,0,0,0]},"c":{"nrows":12,"ncols":null,"data":[0,0,0,0,0,0,0,0,0,0,0,0]},"a_eq":{"nrows":7,"ncols":12,"data":[1,1.8,0,-1,-1,-1,-1,1,-1,0,-1,-1,-1,-1,1,0,2.2,-1,0,0,-1,1,0,-2,-1,0,0,-1,1,0,-1,5.1,0,0,-1,1,0,-1,-2,0,0,-1,1,0,0,-1,2.2,0,-1,1,0,0,-1,-2,0,-1,1,0,0,-1,-1,1.8,-1,1,0,0,-1,-1,-1,-1,1,0,0,-1,-1,0,7.4,1,0,0,-1,-1,0,-1]},"b_eq":{"nrows":7,"ncols":null,"data":[126.1,11,3,20,17,9,20]},"bounds":{"0": [0, null],"1": [0, null],"2": [0, null],"3": [0, null],"4": [0, null],"5": [0, null],"6": [0, null],"7": [0, null],"8": [0, null],"9": [0, null],"10": [0, null],"11": [0, null]}}