{"hess":{"data":[2.0,2.0,0.0,0.0,0.0,0.0,0.0,0.0,0.0,0.0,2.0,4.0,2.0,0.0,0.0,0.0,0.0,0.0,0.0,0.0,0.0,2.0,4.0,2.0,0.0,0.0,0.0,0.0,0.0,0.0,0.0,0.0,2.0,4.0,2.0,0.0,0.0,0.0,0.0,0.0,0.0,0.0,0.0,2.0,4.0,2.0,0.0,0.0,0.0,0.0,0.0,0.0,0.0,0.0,2.0,4.0,2.0,0.0,0.0,0.0,0.0,0.0,0.0,0.0,0.0,2.0,4.0,2.0,0.0,0.0,0.0,0.0,0.0,0.0,0.0,0.0,2.0,4.0,2.0,0.0,0.0,0.0,0.0,0.0,0.0,0.0,0.0,2.0,4.0,2.0,0.0,0.0,0.0,0.0,0.0,0.0,0.0,0.0,2.0,2.0],"nrows":10,"ncols":10},"c":{"data":[0.0,0.0,0.0,0.0,0.0,0.0,0.0,0.0,0.0,0.0],"nrows":10,"ncols":null},"a":null,"b":null,"a_eq":{"data":[1.0,0.0,0.0,0.0,0.0,0.0,0.0,0.0,2.0,1.0,0.0,0.0,0.0,0.0,0.0,0.0,3.0,2.0,1.0,0.0,0.0,0.0,0.0,0.0,0.0,3.0,2.0,1.0,0.0,0.0,0.0,0.0,0.0,0.0,3.0,2.0,1.0,0.0,0.0,0.0,0.0,0.0,0.0,3.0,2.0,1.0,0.0,0.0,0.0,0.0,0.0,0.0,3.0,2.0,1.0,0.0,0.0,0.0,0.0,0.0,0.0,3.0,2.0,1.0,0.0,0.0,0.0,0.0,0.0,0.0,3.0,2.0,0.0,0.0,0.0,0.0,0.0,0.0,0.0,3.0],"nrows":8,"ncols":10},"b_eq":{"data":[1.0,1.0,1.0,1.0,1.0,1.0,1.0,1.0],"nrows":8,"ncols":null},"bounds":null,"x0":{"data":[0.05510052122114668,0.12956068503350715,0.22859270290394634,0.13775130305286676,0.16530156366344007,0.1772151898734177,0.16008935219657486,0.16753536857781087,0.16827997021593447,0.16530156366344007],"nrows":10,"ncols":null},"options":{"algorithm":"ActiveSet","max_iterations":100,"opt_tol":1e-8,"step_tol":1e-8,"fun_tol":1e-8,"con_tol":1e-8,"verbose":false}}