{"hess":{"data":[2.0,-2.0,0.0,0.0,0.0,-2.0,4.0,2.0,0.0,0.0,0.0,2.0,2.0,0.0,0.0,0.0,0.0,0.0,2.0,0.0,0.0,0.0,0.0,0.0,2.0],"nrows":5,"ncols":5},"c":{"data":[0.0,-4.0,-4.0,-2.0,-2.0],"nrows":5,"ncols":null},"a":null,"b":null,"a_eq":{"data":[1.0,0.0,0.0,3.0,0.0,1.0,0.0,1.0,0.0,0.0,1.0,0.0,0.0,-2.0,-1.0],"nrows":3,"ncols":5},"b_eq":{"data":[4.0,0.0,0.0],"nrows":3,"ncols":null},"bounds":null,"x0":{"data":[1.2307692307692304,0.9230769230769234,0.9230769230769237,0.923076923076923,0.9230769230769234],"nrows":5,"ncols":null},"options":{"algorithm":"ActiveSet","max_iterations":100,"opt_tol":1e-8,"step_tol":1e-8,"fun_tol":1e-8,"con_tol":1e-8,"verbose":false}}