{"hess":{"data":[2.0,-2.0,0.0,0.0,0.0,-2.0,4.0,2.0,0.0,0.0,0.0,2.0,2.0,0.0,0.0,0.0,0.0,0.0,2.0,0.0,0.0,0.0,0.0,0.0,2.0],"nrows":5,"ncols":5},"c":{"data":[0.0,-4.0,-4.0,-2.0,-2.0],"nrows":5,"ncols":null},"a":null,"b":null,"a_eq":{"data":[1.0,0.0,0.0,3.0,0.0,1.0,0.0,1.0,0.0,0.0,1.0,0.0,0.0,-2.0,-1.0],"nrows":3,"ncols":5},"b_eq":{"data":[0.0,0.0,0.0],"nrows":3,"ncols":null},"bounds":{"0":[-10.0,10.0],"1":[-10.0,10.0],"2":[-10.0,10.0],"3":[-10.0,10.0],"4":[-10.0,10.0]},"x0":{"data":[-6.591396493934827e-10,2.197132164644699e-10,2.893310801975371e-10,1.50095352731216e-10,2.197132164643627e-10],"nrows":5,"ncols":null},"options":{"algorithm":"ActiveSet","max_iterations":100,"opt_tol":1e-8,"step_tol":1e-8,"fun_tol":1e-8,"con_tol":1e-8,"verbose":false}}