{"hess":{"data":[2.0,0.0,-1.0,0.0,0.0,1.0,0.0,0.0,-1.0,0.0,2.0,1.0,0.0,0.0,1.0,1.0],"nrows":4,"ncols":4},"c":{"data":[-1.0,-3.0,1.0,-1.0],"nrows":4,"ncols":null},"a":{"data":[1.0,3.0,0.0,2.0,1.0,-1.0,1.0,2.0,-4.0,1.0,-1.0,0.0],"nrows":3,"ncols":4},"b":{"data":[5.0,4.0,-1.5],"nrows":3,"ncols":null},"a_eq":null,"b_eq":null,"bounds":{"0":[0.0,null],"1":[0.0,null],"2":[0.0,null],"3":[0.0,null]},"x0":{"data":[0.7660001399384821,0.809955545371234,0.5359595692582422,1.1032319361089382],"nrows":4,"ncols":null},"options":{"algorithm":"ActiveSet","max_iterations":100,"opt_tol":1e-8,"step_tol":1e-8,"fun_tol":1e-8,"con_tol":1e-8,"verbose":false}}