{"hess":{"data":[4.51201,0.0,0.0,0.0,0.0,0.0,0.0,0.0,0.0,0.0,0.0,0.0,0.0,0.0,0.0,0.0,0.0,0.0,0.0,0.0,0.0,0.0,0.0,0.0,0.0,0.0,2.53575,0.0,0.0,0.0,0.0,0.0,0.0,0.0,0.0,0.0,0.0,0.0,0.0,0.0,0.0,0.0,0.0,0.0,0.0,0.0,0.0,0.0,0.0,0.0,0.0,0.0,1.32845,0.0,0.0,0.0,0.0,0.0,0.0,0.0,0.0,0.0,0.0,0.0,0.0,0.0,0.0,0.0,0.0,0.0,0.0,0.0,0.0,0.0,0.0,0.0,0.0,0.0,3.21565,0.0,0.0,0.0,0.0,0.0,0.0,0.0,0.0,0.0,0.0,0.0,0.0,0.0,0.0,0.0,0.0,0.0,0.0,0.0,0.0,0.0,0.0,0.0,0.0,0.0,4.51201,0.0,0.0,0.0,0.0,0.0,0.0,0.0,0.0,0.0,0.0,0.0,0.0,0.0,0.0,0.0,0.0,0.0,0.0,0.0,0.0,0.0,0.0,0.0,0.0,0.0,1.0952,0.0,0.0,0.0,0.0,0.0,0.0,0.0,0.0,0.0,0.0,0.0,0.0,0.0],"nrows":12,"ncols":12},"c":{"data":[0.0,0.0,0.0,0.0,0.0,0.0,0.0,0.0,0.0,0.0,0.0,0.0],"nrows":12,"ncols":null},"a":null,"b":null,"a_eq":{"data":[1.0,1.8,0.0,-1.0,-1.0,-1.0,-1.0,1.0,-1.0,0.0,-1.0,-1.0,-1.0,-1.0,1.0,0.0,2.2,-1.0,0.0,0.0,-1.0,1.0,0.0,-2.0,-1.0,0.0,0.0,-1.0,1.0,0.0,-1.0,5.1,0.0,0.0,-1.0,1.0,0.0,-1.0,-2.0,0.0,0.0,-1.0,1.0,0.0,0.0,-1.0,2.2,0.0,-1.0,1.0,0.0,0.0,-1.0,-2.0,0.0,-1.0,1.0,0.0,0.0,-1.0,-1.0,1.8,-1.0,1.0,0.0,0.0,-1.0,-1.0,-1.0,-1.0,1.0,0.0,0.0,-1.0,-1.0,0.0,7.4,1.0,0.0,0.0,-1.0,-1.0,0.0,-1.0],"nrows":7,"ncols":12},"b_eq":{"data":[126.1,11.0,3.0,20.0,17.0,9.0,20.0],"nrows":7,"ncols":null},"bounds":{"0":[0.0,null],"1":[0.0,null],"2":[0.0,null],"3":[0.0,null],"4":[0.0,null],"5":[0.0,null],"6":[0.0,null],"7":[0.0,null],"8":[0.0,null],"9":[0.0,null],"10":[0.0,null],"11":[0.0,null]},"x0":{"data":[7.027480285077743,1.6494645131399404,17.350035665164224,3.379990696572031,24.578886911298206,3.83121015891903,30.13327991640457,2.4666191644481144,11.33037296546941,2.7177265396272556,17.392857142857142,4.242076041022341],"nrows":12,"ncols":null},"options":{"algorithm":"ActiveSet","max_iterations":100,"opt_tol":1e-8,"step_tol":1e-8,"fun_tol":1e-8,"con_tol":1e-8,"verbose":false}}