{"hess":{"data":[20394.0,-24908.0,-2026.0,3896.0,658.0,-24908.0,41818.0,-3466.0,-9828.0,-372.0,-2026.0,-3466.0,3510.0,2178.0,-348.0,3896.0,-9828.0,2178.0,3030.0,-44.0,658.0,-372.0,-348.0,-44.0,54.0],"nrows":5,"ncols":5},"c":{"data":[18340.0,-34198.0,4542.0,8672.0,86.0],"nrows":5,"ncols":null},"a":{"data":[1.0,-10.0,8.0,-8.0,4.0,1.0,-10.0,-1.0,1.0,2.0,1.0,3.0,2.0,-2.0,-3.0,1.0,-5.0,5.0,-5.0,5.0,1.0,-4.0,-3.0,3.0,-1.0],"nrows":5,"ncols":5},"b":{"data":[5.0,-20.0,40.0,-11.0,30.0],"nrows":5,"ncols":null},"a_eq":null,"b_eq":null,"bounds":null,"x0":{"data":[-17.873153987781514,41.243616214364636,20.000050015135194,6.335320628500122,-46.01738164666361],"nrows":5,"ncols":null},"options":{"algorithm":"ActiveSet","max_iterations":100,"opt_tol":1e-8,"step_tol":1e-8,"fun_tol":1e-8,"con_tol":1e-8,"verbose":false}}