NAME,ITER,FVAL
CVXQP1S,25,11590.718123079247
CVXQP2S,26,8120.940477559445
CVXQP3S,21,11943.43220246135
DPKLO1,0,0.3700867031427428
DUAL1,9,0.035012969539798725
DUAL2,6,0.03373367617740225
DUAL3,6,0.13575584176029123
DUAL4,7,0.7460908418287979
DUALC1,124,6155.250829385016
DUALC2,98,3551.3074620160014
DUALC5,21,427.23232677803367
DUALC8,40,18309.358834006816
GENHS28,0,0.9271736937663904
HS118,14,664.8204500076572
HS21,9,0.04000000059192283
HS268,12,-14462.999999998245
HS35,5,-8.888888882235452
HS35MOD,150,-8.749999917157702
HS51,0,-6.000000000000005
HS52,0,-0.6733524355300912
HS53,7,-1.9069767441860495
HS76,6,-4.6818181788172515
LOTSCHD,11,2398.4158894786115
PRIMAL1,14,-0.03501296516529686
PRIMAL2,12,-0.033733673396703925
PRIMALC1,136,-6155.250829586264
PRIMALC2,120,-3551.3077024025497
PRIMALC5,31,-427.2323291597621
QADLITTL,74,480318.858540335
QAFIRO,13,-1.5907817908284518
QBEACONF,30,164712.060149664
QBRANDY,81,28375.11485665746
QISRAEL,150,28397814.622101445
QPCBLEND,18,-0.007842540714158547
QPCBOEI2,150,7361293.789704345
QPTEST,7,4.371875017667476
QRECIPE,22,-266.61599998908076
QSC205,17,-0.005813929265216398
QSCAGR7,99,26865948.58549944
QSHARE1B,150,205929.4445736602
QSHARE2B,48,11703.691721475347
S268,12,-14462.999999998245
TAME,4,0
VALUES,13,-1.396621059310391
ZECEVIC2,7,-4.125000001102516
