NAME,ITER,FVAL
CVXQP1S,28,11590.71811939778
CVXQP2S,30,8120.9404772429925
CVXQP3S,24,11943.432202324902
DPKLO1,7,0.370086703072303
DUAL1,12,0.03501297727230561
DUAL2,10,0.0337336784263847
DUAL3,11,0.1357558395168692
DUAL4,10,0.7460908419871214
DUALC1,150,17304.214663545146
DUALC2,132,3551.307762048361
DUALC5,26,427.232326947208
DUALC8,49,18309.359143265698
GENHS28,7,0.9271737010099357
HS118,17,664.820449744418
HS21,12,0.04000000025417939
HS268,15,-14462.999999998741
HS35,8,-8.88888888586519
HS35MOD,13,-8.749999996919101
HS51,0,-6.000000000000004
HS52,7,-0.6733524457736392
HS53,10,-1.906976764457596
HS76,9,-4.681818180517866
LOTSCHD,15,2398.4158886718606
PRIMAL1,18,-0.03501296201217018
PRIMAL2,16,-0.03373365764775113
PRIMALC1,150,-8129.050108218191
PRIMALC2,148,-3551.30773924819
PRIMALC5,38,-427.23233078597013
QADLITTL,90,480318.85852699395
QAFIRO,16,-1.5907817483828945
QBEACONF,36,164712.06014232244
QBRANDY,88,28375.114856439817
QISRAEL,150,1342705.3189324976
QPCBLEND,20,-0.007842527510211313
QPCBOEI2,150,7132018.379559979
QPTEST,10,4.371875000354651
QRECIPE,25,-266.61599997571795
QSC205,19,-0.005813887806237768
QSCAGR7,108,26865948.56929516
QSHARE1B,150,144118.09029336006
QSHARE2B,54,11703.691720688854
S268,15,-14462.999999998741
TAME,7,0
VALUES,15,-1.3966210660311933
ZECEVIC2,10,-4.125000000233278
